Previous,前,theme,frontend/Magento/luma
"Remove This Item",このアイテムを削除,theme,frontend/Magento/luma
"Shop By",閲覧中,theme,frontend/Magento/luma
"Clear All",すべてクリア,theme,frontend/Magento/luma
"Shopping Options",絞り込み条件,theme,frontend/Magento/luma
Email:,Eメール:,theme,frontend/Magento/luma
"Order Status",注文ステータス,theme,frontend/Magento/luma
"Check the status of orders",注文のステータスを確認出来ます。,theme,frontend/Magento/luma
"Manage Addresses",住所の管理,theme,frontend/Magento/luma
"Order History",注文履歴,theme,frontend/Magento/luma
"View past orders",過去の注文を閲覧できます。,theme,frontend/Magento/luma
"About Us",会社概要,theme,frontend/Magento/luma
"Shipping Method",発送方法,theme,frontend/Magento/luma
